-- -- -- -- -- POPULATE TABLES

-- Pessoas
INSERT INTO pessoa (cpf, nome, descricao, email, ranking) VALUES ('714.231.312-39', 'Jhonny B Good', 'dictumst maecenas ut massa quis augue luctuscurabitur gravida nisi', 'jbg@ucoz.ru', 1);
INSERT INTO pessoa (cpf, nome, descricao, email, ranking) VALUES ('053.142.336-88', 'Sheyla Lima', 'Eu sou digital influencer e migrei para o ramo imobiliário', 'sl@gmail.com', 5);
INSERT INTO pessoa (cpf, nome, descricao, email, ranking) VALUES ('709.714.594-36', 'LeBron James', 'Eu sou o GOAT.', 'lbj@gmail.com', 5);
INSERT INTO pessoa (cpf, nome, descricao, email, ranking) VALUES ('604.102.780-41', 'Darice', 'platea dictumst morbi vestibulum velit is diamjusto nec te', 'dbevans0@goo.gl', 5);
INSERT INTO pessoa (cpf, nome, descricao, email, ranking) VALUES ('805.187.870-10', 'Valera', 'vivxipiscing molestie hendre aenean lectus pellentesque', 'vgaven1@i2i.jp', 7);
INSERT INTO pessoa (cpf, nome, descricao, email, ranking) VALUES ('183.187.110-68', 'Jeane', 'hendre aenean lect', 'jstrond2@pinterest.com', 5);
INSERT INTO pessoa (cpf, nome, descricao, email, ranking) VALUES ('264.540.320-43', 'Malcolm', 'porttitor pede justo eu massa donec dapibus duis at velit eu est', 'mkarel3@cbc.ca', 4);
INSERT INTO pessoa (cpf, nome, descricao, email, ranking) VALUES ('119.671.330-85', 'Tedda', 'parturient montes', 'tdensumbe4@sphinn.com', 2);
INSERT INTO pessoa (cpf, nome, descricao, email, ranking) VALUES ('136.004.620-83', 'Ophelie', 'sapien dignissim ve faucibus orci luctus et', 'olorden5@theglobeandmail.com', 4);
INSERT INTO pessoa (cpf, nome, descricao, email, ranking) VALUES ('969.280.940-44', 'Jewel', 'pulvinar nulla', 'jfirpi6@ameblo.jp', 6);
INSERT INTO pessoa (cpf, nome, descricao, email, ranking) VALUES ('906.603.820-91', 'Marlon', 'dictumst maecenas ut massa quis augue luctuscurabitur gravida nisi', 'mphythean7@ucoz.ru', 5);
INSERT INTO pessoa (cpf, nome, descricao, email, ranking) VALUES ('396.423.200-96', 'Alys', 'sapien iaculis congue vivamus metuse hee vi', 'abrydone8@bbb.org', 5);
INSERT INTO pessoa (cpf, nome, descricao, email, ranking) VALUES ('808.424.140-02', 'Jackqueline', 'vitae quam suspendisse potenti nulcus at turpus vitae', 'jbolton9@moonfruit.com', 9);
INSERT INTO pessoa (cpf, nome, descricao, email, ranking) VALUES ('643.188.210-56', 'Bradan', 'ipsum primis in faucibus', 'bduffella@whitehouse.gov', 4);
INSERT INTO pessoa (cpf, nome, descricao, email, ranking) VALUES ('678.552.160-22', 'Jenica', 'sed vestibulum sit amet cursus id turpis integer aliquet', 'jwreakb@storify.com', 3);
INSERT INTO pessoa (cpf, nome, descricao, email, ranking) VALUES ('987.288.810-87', 'Arthur', 'vestibulum sed magna at nunc commodo placerat praesent blandit nam nulla integer pede', 'asporlec@foxnews.com', 1);
INSERT INTO pessoa (cpf, nome, descricao, email, ranking) VALUES ('179.696.170-18', 'Frederick', 'mus vivamus vestibulum sagittis sapien cum', 'frogand@google.nl', 5);
INSERT INTO pessoa (cpf, nome, descricao, email, ranking) VALUES ('248.463.090-53', 'Marcella', 'mus vivamus vestibulum sagittis sapien cum', 'mwiltshere@omniture.com', 9);
INSERT INTO pessoa (cpf, nome, descricao, email, ranking) VALUES ('667.082.650-87', 'Chrisse', 'donec posuere metus vitae ipsum aliquam', 'csivellf@rambler.ru', 1);
INSERT INTO pessoa (cpf, nome, descricao, email, ranking) VALUES ('567.717.780-61', 'Amelie', 'risus semper porta volutpat quam pede', 'apulfordg@nydailynews.com', 9);
INSERT INTO pessoa (cpf, nome, descricao, email, ranking) VALUES ('487.181.460-23', 'Lamont', 'elementum pellentesque quisque porta volutpat erat quisque erat', 'lmearsh@imdb.com', 0);
INSERT INTO pessoa (cpf, nome, descricao, email, ranking) VALUES ('931.549.820-86', 'Richard', 'odio condimentum id luctus', 'rnortheyi@stanford.edu', 3);
INSERT INTO pessoa (cpf, nome, descricao, email, ranking) VALUES ('193.341.690-44', 'Tony', 'vulputate nonummy maecenas', 'telkingtonj@webs.com', 2);
INSERT INTO pessoa (cpf, nome, descricao, email, ranking) VALUES ('045.504.290-03', 'Reggie', 'iaculis diam erat fermentum justo nec condi scelerisque', 'rpescudk@usgs.gov', 7);
INSERT INTO pessoa (cpf, nome, descricao, email, ranking) VALUES ('998.447.610-34', 'Serge', 'elementum in hac habitasse', 'sfreelandl@nih.gov', 4);
INSERT INTO pessoa (cpf, nome, descricao, email, ranking) VALUES ('496.561.730-40', 'Araldo', 'convallis tortor risus dapibus augue vel accus lacinia sapien quis libero', 'arobackm@ebay.com', 8);
INSERT INTO pessoa (cpf, nome, descricao, email, ranking) VALUES ('453.223.060-80', 'Tandi', 'faucibus orci luctus et ultrices posuere cubilia c quam suspendisse potenti', 'twoodfinn@vkontakte.ru', 2);
INSERT INTO pessoa (cpf, nome, descricao, email, ranking) VALUES ('514.202.120-79', 'Ike', 'faucibus orci luctus et ultrices', 'ielceo@zdnet.com', 2);
INSERT INTO pessoa (cpf, nome, descricao, email, ranking) VALUES ('167.282.720-54', 'Cedric', 'blandit ultrices enim lorem ipsum dolor sit amet concing elit proin interdum mauris', 'crosetp@ed.gov', 7);
INSERT INTO pessoa (cpf, nome, descricao, email, ranking) VALUES ('258.986.360-80', 'Elihu', 'quam a odio in hac habitasse platea dictumst maecenas ut massa quis augue', 'ebramahq@friendfeed.com', 3);
INSERT INTO pessoa (cpf, nome, descricao, email, ranking) VALUES ('633.570.340-85', 'Patin', 'nunc nisl duis bibendum felis sed interds enim blandit mi in porttitor', 'ptuftr@elegantthemes.com', 9);
INSERT INTO pessoa (cpf, nome, descricao, email, ranking) VALUES ('049.877.610-76', 'Fleur', 'adipiscing elit', 'faddlestones@lycos.com', 7);
INSERT INTO pessoa (cpf, nome, descricao, email, ranking) VALUES ('668.488.720-24', 'Cristiano', 'ut massa quis augue luctus tincidunt nulla mollis molesbitur gravida nisi at nibh', 'ccrosset@t.co', 7);
INSERT INTO pessoa (cpf, nome, descricao, email, ranking) VALUES ('603.799.220-70', 'Shoshana', 'vulputate elementum nullam varius nulla facilisi cras', 'swaferu@jugem.jp', 4);
INSERT INTO pessoa (cpf, nome, descricao, email, ranking) VALUES ('650.434.980-05', 'Ameline', 'pretium nisl ut volutpat sapien arcu sed augue aliquaetiam pretium iaculis', 'abeinischv@shareasale.com', 2);
INSERT INTO pessoa (cpf, nome, descricao, email, ranking) VALUES ('019.312.920-51', 'Nan', 'tempor convallis nulla neque libero convallis eget eleifend luctus ulen', 'nericssonw@hatena.ne.jp', 0);
INSERT INTO pessoa (cpf, nome, descricao, email, ranking) VALUES ('787.625.270-29', 'Adelina', 'eu tincidunt in leo maecenas pulvinar lobortis esamet erat nulla tempus vivamus', 'asimounetx@lycos.com', 7);



-- Gerente
INSERT INTO gerente (cpf_gerente, nome, email)
VALUES ('262.748.730-23', 'Marcos', 'marcos@gerencia.com.br');

INSERT INTO gerente (cpf_gerente, nome, email)
VALUES ('118.790.410-49', 'Ana', 'ana@gerencia.com.br');

INSERT INTO gerente (cpf_gerente, nome, email)
VALUES ('654.989.200-75', 'Pedro', 'pedro@gerencia.com.br');

INSERT INTO gerente (cpf_gerente, nome, email)
VALUES ('913.480.400-50', 'Caio', 'caio@gerencia.com.br');

INSERT INTO gerente (cpf_gerente, nome, email)
VALUES ('998.405.150-12', 'Humberto', 'humberto@gerencia.com.br');

INSERT INTO gerente (cpf_gerente, nome, email)
VALUES ('763.377.450-94', 'Mateus', 'mateus@gerencia.com.br');



-- Corretor
INSERT INTO corretor (cpf_corretor, nome, descricao, email, ranking, creci, cpf_comitente)
SELECT pessoa.cpf, pessoa.nome, pessoa.descricao, pessoa.email, pessoa.ranking, '35698346', gerente.cpf_gerente FROM pessoa, gerente WHERE cpf = '053.142.336-88' AND cpf_gerente = '763.377.450-94';

INSERT INTO corretor (cpf_corretor, nome, descricao, email, ranking, creci, cpf_comitente)
SELECT pessoa.cpf, pessoa.nome, pessoa.descricao, pessoa.email, pessoa.ranking, '23123131', NULL FROM pessoa, gerente WHERE cpf = '709.714.594-36';

INSERT INTO corretor (cpf_corretor, nome, descricao, email, ranking, creci, cpf_comitente)
SELECT pessoa.cpf, pessoa.nome, pessoa.descricao, pessoa.email, pessoa.ranking, '97634710', gerente.cpf_gerente FROM pessoa, gerente WHERE cpf = '604.102.780-41' AND cpf_gerente = '262.748.730-23';

INSERT INTO corretor (cpf_corretor, nome, descricao, email, ranking, creci, cpf_comitente)
SELECT pessoa.cpf, pessoa.nome, pessoa.descricao, pessoa.email, pessoa.ranking, '47622274', gerente.cpf_gerente FROM pessoa, gerente WHERE cpf = '805.187.870-10' AND cpf_gerente = '262.748.730-23';

INSERT INTO corretor (cpf_corretor, nome, descricao, email, ranking, creci, cpf_comitente)
SELECT pessoa.cpf, pessoa.nome, pessoa.descricao, pessoa.email, pessoa.ranking, '29831836', gerente.cpf_gerente FROM pessoa, gerente WHERE cpf = '183.187.110-68' AND cpf_gerente = '118.790.410-49';

INSERT INTO corretor (cpf_corretor, nome, descricao, email, ranking, creci, cpf_comitente)
SELECT pessoa.cpf, pessoa.nome, pessoa.descricao, pessoa.email, pessoa.ranking, '29622318', gerente.cpf_gerente FROM pessoa, gerente WHERE cpf = '264.540.320-43' AND cpf_gerente = '654.989.200-75';

INSERT INTO corretor (cpf_corretor, nome, descricao, email, ranking, creci, cpf_comitente)
SELECT pessoa.cpf, pessoa.nome, pessoa.descricao, pessoa.email, pessoa.ranking, '28678991', gerente.cpf_gerente FROM pessoa, gerente WHERE cpf = '119.671.330-85' AND cpf_gerente = '654.989.200-75';

INSERT INTO corretor (cpf_corretor, nome, descricao, email, ranking, creci, cpf_comitente)
SELECT pessoa.cpf, pessoa.nome, pessoa.descricao, pessoa.email, pessoa.ranking, '91784122', gerente.cpf_gerente FROM pessoa, gerente WHERE cpf = '136.004.620-83' AND cpf_gerente = '913.480.400-50';

INSERT INTO corretor (cpf_corretor, nome, descricao, email, ranking, creci, cpf_comitente)
SELECT pessoa.cpf, pessoa.nome, pessoa.descricao, pessoa.email, pessoa.ranking, '99593204', gerente.cpf_gerente FROM pessoa, gerente WHERE cpf = '969.280.940-44' AND cpf_gerente = '913.480.400-50';

INSERT INTO corretor (cpf_corretor, nome, descricao, email, ranking, creci, cpf_comitente)
SELECT pessoa.cpf, pessoa.nome, pessoa.descricao, pessoa.email, pessoa.ranking, '22627130', gerente.cpf_gerente FROM pessoa, gerente WHERE cpf = '906.603.820-91' AND cpf_gerente = '998.405.150-12';

INSERT INTO corretor (cpf_corretor, nome, descricao, email, ranking, creci, cpf_comitente)
SELECT pessoa.cpf, pessoa.nome, pessoa.descricao, pessoa.email, pessoa.ranking, '75715128', gerente.cpf_gerente FROM pessoa, gerente WHERE cpf = '396.423.200-96' AND cpf_gerente = '763.377.450-94';



--  Clientes
INSERT INTO cliente (cpf_cliente, nome, descricao, email, ranking, cpf_auxiliador)
SELECT pessoa.cpf, pessoa.nome, pessoa.descricao, pessoa.email, pessoa.ranking, corretor.cpf_corretor FROM pessoa, corretor WHERE cpf = '808.424.140-02' AND cpf_corretor = '053.142.336-88';

INSERT INTO cliente (cpf_cliente, nome, descricao, email, ranking, cpf_auxiliador)
SELECT pessoa.cpf, pessoa.nome, pessoa.descricao, pessoa.email, pessoa.ranking, corretor.cpf_corretor FROM pessoa, corretor WHERE cpf = '643.188.210-56' AND cpf_corretor = '053.142.336-88';

INSERT INTO cliente (cpf_cliente, nome, descricao, email, ranking, cpf_auxiliador)
SELECT pessoa.cpf, pessoa.nome, pessoa.descricao, pessoa.email, pessoa.ranking, corretor.cpf_corretor FROM pessoa, corretor WHERE cpf = '678.552.160-22' AND cpf_corretor = '053.142.336-88';

INSERT INTO cliente (cpf_cliente, nome, descricao, email, ranking, cpf_auxiliador)
SELECT pessoa.cpf, pessoa.nome, pessoa.descricao, pessoa.email, pessoa.ranking, corretor.cpf_corretor FROM pessoa, corretor WHERE cpf = '987.288.810-87' AND cpf_corretor = '053.142.336-88';

INSERT INTO cliente (cpf_cliente, nome, descricao, email, ranking, cpf_auxiliador)
SELECT pessoa.cpf, pessoa.nome, pessoa.descricao, pessoa.email, pessoa.ranking, corretor.cpf_corretor FROM pessoa, corretor WHERE cpf = '179.696.170-18' AND cpf_corretor = '053.142.336-88';

INSERT INTO cliente (cpf_cliente, nome, descricao, email, ranking, cpf_auxiliador)
SELECT pessoa.cpf, pessoa.nome, pessoa.descricao, pessoa.email, pessoa.ranking, corretor.cpf_corretor FROM pessoa, corretor WHERE cpf = '248.463.090-53' AND cpf_corretor = '604.102.780-41';

INSERT INTO cliente (cpf_cliente, nome, descricao, email, ranking, cpf_auxiliador)
SELECT pessoa.cpf, pessoa.nome, pessoa.descricao, pessoa.email, pessoa.ranking, corretor.cpf_corretor FROM pessoa, corretor WHERE cpf = '667.082.650-87' AND cpf_corretor = '604.102.780-41';

INSERT INTO cliente (cpf_cliente, nome, descricao, email, ranking, cpf_auxiliador)
SELECT pessoa.cpf, pessoa.nome, pessoa.descricao, pessoa.email, pessoa.ranking, corretor.cpf_corretor FROM pessoa, corretor WHERE cpf = '567.717.780-61' AND cpf_corretor = '604.102.780-41';

INSERT INTO cliente (cpf_cliente, nome, descricao, email, ranking, cpf_auxiliador)
SELECT pessoa.cpf, pessoa.nome, pessoa.descricao, pessoa.email, pessoa.ranking, corretor.cpf_corretor FROM pessoa, corretor WHERE cpf = '487.181.460-23' AND cpf_corretor = '183.187.110-68';

INSERT INTO cliente (cpf_cliente, nome, descricao, email, ranking, cpf_auxiliador)
SELECT pessoa.cpf, pessoa.nome, pessoa.descricao, pessoa.email, pessoa.ranking, corretor.cpf_corretor FROM pessoa, corretor WHERE cpf = '931.549.820-86' AND cpf_corretor = '183.187.110-68';

INSERT INTO cliente (cpf_cliente, nome, descricao, email, ranking, cpf_auxiliador)
SELECT pessoa.cpf, pessoa.nome, pessoa.descricao, pessoa.email, pessoa.ranking, corretor.cpf_corretor FROM pessoa, corretor WHERE cpf = '193.341.690-44' AND cpf_corretor = '183.187.110-68';

INSERT INTO cliente (cpf_cliente, nome, descricao, email, ranking, cpf_auxiliador)
SELECT pessoa.cpf, pessoa.nome, pessoa.descricao, pessoa.email, pessoa.ranking, corretor.cpf_corretor FROM pessoa, corretor WHERE cpf = '045.504.290-03' AND cpf_corretor = '183.187.110-68';

INSERT INTO cliente (cpf_cliente, nome, descricao, email, ranking, cpf_auxiliador)
SELECT pessoa.cpf, pessoa.nome, pessoa.descricao, pessoa.email, pessoa.ranking, corretor.cpf_corretor FROM pessoa, corretor WHERE cpf = '998.447.610-34' AND cpf_corretor = '906.603.820-91';

INSERT INTO cliente (cpf_cliente, nome, descricao, email, ranking, cpf_auxiliador)
SELECT pessoa.cpf, pessoa.nome, pessoa.descricao, pessoa.email, pessoa.ranking, corretor.cpf_corretor FROM pessoa, corretor WHERE cpf = '496.561.730-40' AND cpf_corretor = '906.603.820-91';

INSERT INTO cliente (cpf_cliente, nome, descricao, email, ranking, cpf_auxiliador)
SELECT pessoa.cpf, pessoa.nome, pessoa.descricao, pessoa.email, pessoa.ranking, corretor.cpf_corretor FROM pessoa, corretor WHERE cpf = '453.223.060-80' AND cpf_corretor = '906.603.820-91';

INSERT INTO cliente (cpf_cliente, nome, descricao, email, ranking, cpf_auxiliador)
SELECT pessoa.cpf, pessoa.nome, pessoa.descricao, pessoa.email, pessoa.ranking, corretor.cpf_corretor FROM pessoa, corretor WHERE cpf = '514.202.120-79' AND cpf_corretor = '906.603.820-91';

INSERT INTO cliente (cpf_cliente, nome, descricao, email, ranking, cpf_auxiliador)
SELECT pessoa.cpf, pessoa.nome, pessoa.descricao, pessoa.email, pessoa.ranking, corretor.cpf_corretor FROM pessoa, corretor WHERE cpf = '167.282.720-54' AND cpf_corretor = '183.187.110-68';

INSERT INTO cliente (cpf_cliente, nome, descricao, email, ranking, cpf_auxiliador)
SELECT pessoa.cpf, pessoa.nome, pessoa.descricao, pessoa.email, pessoa.ranking, corretor.cpf_corretor FROM pessoa, corretor WHERE cpf = '258.986.360-80' AND cpf_corretor = '183.187.110-68';

INSERT INTO cliente (cpf_cliente, nome, descricao, email, ranking, cpf_auxiliador)
SELECT pessoa.cpf, pessoa.nome, pessoa.descricao, pessoa.email, pessoa.ranking, corretor.cpf_corretor FROM pessoa, corretor WHERE cpf = '633.570.340-85' AND cpf_corretor = '183.187.110-68';

INSERT INTO cliente (cpf_cliente, nome, descricao, email, ranking, cpf_auxiliador)
SELECT pessoa.cpf, pessoa.nome, pessoa.descricao, pessoa.email, pessoa.ranking, corretor.cpf_corretor FROM pessoa, corretor WHERE cpf = '049.877.610-76' AND cpf_corretor = '396.423.200-96';

INSERT INTO cliente (cpf_cliente, nome, descricao, email, ranking, cpf_auxiliador)
SELECT pessoa.cpf, pessoa.nome, pessoa.descricao, pessoa.email, pessoa.ranking, corretor.cpf_corretor FROM pessoa, corretor WHERE cpf = '668.488.720-24' AND cpf_corretor = '396.423.200-96';

INSERT INTO cliente (cpf_cliente, nome, descricao, email, ranking, cpf_auxiliador)
SELECT pessoa.cpf, pessoa.nome, pessoa.descricao, pessoa.email, pessoa.ranking, corretor.cpf_corretor FROM pessoa, corretor WHERE cpf = '603.799.220-70' AND cpf_corretor = '396.423.200-96';

INSERT INTO cliente (cpf_cliente, nome, descricao, email, ranking, cpf_auxiliador)
SELECT pessoa.cpf, pessoa.nome, pessoa.descricao, pessoa.email, pessoa.ranking, corretor.cpf_corretor FROM pessoa, corretor WHERE cpf = '650.434.980-05' AND cpf_corretor = '396.423.200-96';

INSERT INTO cliente (cpf_cliente, nome, descricao, email, ranking, cpf_auxiliador)
SELECT pessoa.cpf, pessoa.nome, pessoa.descricao, pessoa.email, pessoa.ranking, corretor.cpf_corretor FROM pessoa, corretor WHERE cpf = '019.312.920-51' AND cpf_corretor = '396.423.200-96';

INSERT INTO cliente (cpf_cliente, nome, descricao, email, ranking, cpf_auxiliador)
SELECT pessoa.cpf, pessoa.nome, pessoa.descricao, pessoa.email, pessoa.ranking, corretor.cpf_corretor FROM pessoa, corretor WHERE cpf = '787.625.270-29' AND cpf_corretor = '906.603.820-91';



-- anuncio
INSERT INTO anuncio (id, cpf_pessoa) SELECT anuncio_sequence_seq.NEXTVAL, cpf FROM pessoa WHERE cpf = '808.424.140-02';
INSERT INTO anuncio (id, cpf_pessoa) SELECT anuncio_sequence_seq.NEXTVAL, cpf FROM pessoa WHERE cpf = '643.188.210-56';
INSERT INTO anuncio (id, cpf_pessoa) SELECT anuncio_sequence_seq.NEXTVAL, cpf FROM pessoa WHERE cpf = '678.552.160-22';
INSERT INTO anuncio (id, cpf_pessoa) SELECT anuncio_sequence_seq.NEXTVAL, cpf FROM pessoa WHERE cpf = '987.288.810-87';
INSERT INTO anuncio (id, cpf_pessoa) SELECT anuncio_sequence_seq.NEXTVAL, cpf FROM pessoa WHERE cpf = '179.696.170-18';
INSERT INTO anuncio (id, cpf_pessoa) SELECT anuncio_sequence_seq.NEXTVAL, cpf FROM pessoa WHERE cpf = '248.463.090-53';
INSERT INTO anuncio (id, cpf_pessoa) SELECT anuncio_sequence_seq.NEXTVAL, cpf FROM pessoa WHERE cpf = '667.082.650-87';
INSERT INTO anuncio (id, cpf_pessoa) SELECT anuncio_sequence_seq.NEXTVAL, cpf FROM pessoa WHERE cpf = '567.717.780-61';
INSERT INTO anuncio (id, cpf_pessoa) SELECT anuncio_sequence_seq.NEXTVAL, cpf FROM pessoa WHERE cpf = '487.181.460-23';
INSERT INTO anuncio (id, cpf_pessoa) SELECT anuncio_sequence_seq.NEXTVAL, cpf FROM pessoa WHERE cpf = '931.549.820-86';
INSERT INTO anuncio (id, cpf_pessoa) SELECT anuncio_sequence_seq.NEXTVAL, cpf FROM pessoa WHERE cpf = '193.341.690-44';
INSERT INTO anuncio (id, cpf_pessoa) SELECT anuncio_sequence_seq.NEXTVAL, cpf FROM pessoa WHERE cpf = '045.504.290-03';
INSERT INTO anuncio (id, cpf_pessoa) SELECT anuncio_sequence_seq.NEXTVAL, cpf FROM pessoa WHERE cpf = '998.447.610-34';
INSERT INTO anuncio (id, cpf_pessoa) SELECT anuncio_sequence_seq.NEXTVAL, cpf FROM pessoa WHERE cpf = '496.561.730-40';
INSERT INTO anuncio (id, cpf_pessoa) SELECT anuncio_sequence_seq.NEXTVAL, cpf FROM pessoa WHERE cpf = '453.223.060-80';
INSERT INTO anuncio (id, cpf_pessoa) SELECT anuncio_sequence_seq.NEXTVAL, cpf FROM pessoa WHERE cpf = '514.202.120-79';
INSERT INTO anuncio (id, cpf_pessoa) SELECT anuncio_sequence_seq.NEXTVAL, cpf FROM pessoa WHERE cpf = '167.282.720-54';
INSERT INTO anuncio (id, cpf_pessoa) SELECT anuncio_sequence_seq.NEXTVAL, cpf FROM pessoa WHERE cpf = '258.986.360-80';
INSERT INTO anuncio (id, cpf_pessoa) SELECT anuncio_sequence_seq.NEXTVAL, cpf FROM pessoa WHERE cpf = '633.570.340-85';
INSERT INTO anuncio (id, cpf_pessoa) SELECT anuncio_sequence_seq.NEXTVAL, cpf FROM pessoa WHERE cpf = '049.877.610-76';



-- anuncio_info
INSERT INTO anuncio_info (id_anuncio, tipo_anuncio, tipo_imovel, valor, area, qtd_quartos, comissao, descricao)
SELECT id, 'Aluguel', 'Apartamento', 4924, 76, 4, 840, 'nulla integer pede justo eget tempus vel pede morbi porttitor'
FROM anuncio WHERE cpf_pessoa = '808.424.140-02';

INSERT INTO anuncio_info (id_anuncio, tipo_anuncio, tipo_imovel, valor, area, qtd_quartos, comissao, descricao)
SELECT id, 'Aluguel', 'Apartamento', 5972, 270, 1, 8505, 'volutpat quam pede lobortis ligula sit amet eleifend pede libero quis orci'
FROM anuncio WHERE cpf_pessoa = '643.188.210-56';

INSERT INTO anuncio_info (id_anuncio, tipo_anuncio, tipo_imovel, valor, area, qtd_quartos, comissao, descricao)
SELECT id, 'Aluguel', 'Casa', 6617, 73, 2, 7831, 'id pretium iaculis diam erat fermentum justo nec condimentum neque sapien placerat'
FROM anuncio WHERE cpf_pessoa = '678.552.160-22';

INSERT INTO anuncio_info (id_anuncio, tipo_anuncio, tipo_imovel, valor, area, qtd_quartos, comissao, descricao)
SELECT id, 'Aluguel', 'Kitnet', 4902, 38, 340, 8796, 'augue vel accumsan tellus nisi eu orci mauris laciro nullam sit amet turpis'
FROM anuncio WHERE cpf_pessoa = '987.288.810-87';

INSERT INTO anuncio_info (id_anuncio, tipo_anuncio, tipo_imovel, valor, area, qtd_quartos, comissao, descricao)
SELECT id, 'Aluguel', 'Apartamento', 2082, 59, 1, 9942, 'quam fringilla rhoncus mauris enim leo rhsit amet cursus id turpis'
FROM anuncio WHERE cpf_pessoa = '179.696.170-18';

INSERT INTO anuncio_info (id_anuncio, tipo_anuncio, tipo_imovel, valor, area, qtd_quartos, comissao, descricao)
SELECT id, 'Aluguel', 'Flat', 4407, 65, 4, 5127, 'morbi ut odio cras mi pede malesuada in idit ultrices'
FROM anuncio WHERE cpf_pessoa = '248.463.090-53';

INSERT INTO anuncio_info (id_anuncio, tipo_anuncio, tipo_imovel, valor, area, qtd_quartos, comissao, descricao)
SELECT id, 'Aluguel', 'Flat', 2888, 53, 2, 2199, 'vestibulum ante ipsum primis in faucibus or in faucibus'
FROM anuncio WHERE cpf_pessoa = '667.082.650-87';

INSERT INTO anuncio_info (id_anuncio, tipo_anuncio, tipo_imovel, valor, area, qtd_quartos, comissao, descricao)
SELECT id, 'Aluguel', 'Casa', 6853, 89, 1, 8100, 'sollicitudin mi sit amet lobortis sapien sapien non mi integer ac'
FROM anuncio WHERE cpf_pessoa = '567.717.780-61';

INSERT INTO anuncio_info (id_anuncio, tipo_anuncio, tipo_imovel, valor, area, qtd_quartos, comissao, descricao)
SELECT id, 'Aluguel', 'Casa', 5872, 58, 2, 4751, 'tempus semper est quam pharetra magna ac consequat metus sapien ut'
FROM anuncio WHERE cpf_pessoa = '487.181.460-23';

INSERT INTO anuncio_info (id_anuncio, tipo_anuncio, tipo_imovel, valor, area, qtd_quartos, comissao, descricao)
SELECT id, 'Venda', 'Casa', 1452459, 54, 3, 7140, 'mi in porttitor pede justo eu masduis at velit eu est congue elementum in hac'
FROM anuncio WHERE cpf_pessoa = '931.549.820-86';|

INSERT INTO anuncio_info (id_anuncio, tipo_anuncio, tipo_imovel, valor, area, qtd_quartos, comissao, descricao)
SELECT id, 'Venda', 'Apartamento', 603438, 65, 2, 4863, 'integer tincidunt ante vel ipsum vestibulum sed magna at nunc commodo'
FROM anuncio WHERE cpf_pessoa = '193.341.690-44';

INSERT INTO anuncio_info (id_anuncio, tipo_anuncio, tipo_imovel, valor, area, qtd_quartos, comissao, descricao)
SELECT id, 'Venda', 'Flat', 2050693, 48, 4, 1304, 'arcu sed augue aliquam erat volutpat in congue etiam justo etiam'
FROM anuncio WHERE cpf_pessoa = '045.504.290-03';

INSERT INTO anuncio_info (id_anuncio, tipo_anuncio, tipo_imovel, valor, area, qtd_quartos, comissao, descricao)
SELECT id, 'Venda', 'Casa', 1252946, 43, 3, 1793, 'odio cras mi pede malesuada in imperdiet et commodo vulces enim lorem ipsum dolor sit amet'
FROM anuncio WHERE cpf_pessoa = '998.447.610-34';

INSERT INTO anuncio_info (id_anuncio, tipo_anuncio, tipo_imovel, valor, area, qtd_quartos, comissao, descricao)
SELECT id, 'Venda', 'Kitnet', 909876, 32, 4, 2407, 'a suscipit nulla elit ac nulla sed vel enim sit amet nuncuscipit ligula in lacus'
FROM anuncio WHERE cpf_pessoa = '496.561.730-40';

INSERT INTO anuncio_info (id_anuncio, tipo_anuncio, tipo_imovel, valor, area, qtd_quartos, comissao, descricao)
SELECT id, 'Venda', 'Apartamento', 1963012, 34, 2, 739, 'luctus tincidunt nulla mollis molestie lur gravida nisi at nibh in hac'
FROM anuncio WHERE cpf_pessoa = '453.223.060-80';

INSERT INTO anuncio_info (id_anuncio, tipo_anuncio, tipo_imovel, valor, area, qtd_quartos, comissao, descricao)
SELECT id, 'Venda', 'Apartamento', 1730414, 99, 2, 8896, 'congue etiam justo etiam psse platea dictumst etiam faucibus cursus'
FROM anuncio WHERE cpf_pessoa = '514.202.120-79';

INSERT INTO anuncio_info (id_anuncio, tipo_anuncio, tipo_imovel, valor, area, qtd_quartos, comissao, descricao)
SELECT id, 'Venda', 'Flat', 1665272, 77, 3, 4591, 'condimentum id luctus nec molestie sed justo pellentesque viverra pede ac'
FROM anuncio WHERE cpf_pessoa = '167.282.720-54';

INSERT INTO anuncio_info (id_anuncio, tipo_anuncio, tipo_imovel, valor, area, qtd_quartos, comissao, descricao)
SELECT id, 'Venda', 'Flat', 299600, 28, 1, 5734, 'tortor quis turpis sed ante vivamus tortoermentum donec ut mauris eget massa tempor'
FROM anuncio WHERE cpf_pessoa = '258.986.360-80';

INSERT INTO anuncio_info (id_anuncio, tipo_anuncio, tipo_imovel, valor, area, qtd_quartos, comissao, descricao)
SELECT id, 'Venda', 'Casa', 1511844, 80, 1, 6693, 'pulvinar lobortis est phasellus sit amet erapien cursus vestibulum proin eu mi'
FROM anuncio WHERE cpf_pessoa = '633.570.340-85';

INSERT INTO anuncio_info (id_anuncio, tipo_anuncio, tipo_imovel, valor, area, qtd_quartos, comissao, descricao)
SELECT id, 'Venda', 'Casa', 151344, 90, 2, 6493, 'pulvinar lobortis es sit amet erapien cursus vestibulum proin eu mi'
FROM anuncio WHERE cpf_pessoa = '049.877.610-76';



-- proposta
INSERT INTO proposta (id_anuncio, cpf_anunciante, cpf_cliente, data_proposta, data_pagamento, valor_proposta, metodo_pagamento, status)
SELECT anuncio.id, pessoa.cpf, cliente.cpf_cliente, (TO_DATE('2022-03-22 14:00', 'yyyy-mm-dd hh24:mi')), (TO_DATE('2022-03-23 14:00', 'yyyy-mm-dd hh24:mi')), 31231, 'Dinheiro', 'Aceita'
FROM pessoa, cliente, anuncio WHERE cpf = '987.288.810-87' AND cpf_cliente = '808.424.140-02' AND cpf_pessoa = '987.288.810-87';

INSERT INTO proposta (id_anuncio, cpf_anunciante, cpf_cliente, data_proposta, data_pagamento, valor_proposta, metodo_pagamento, status)
SELECT anuncio.id, pessoa.cpf, cliente.cpf_cliente, (TO_DATE ('2022-03-21 08:40', 'yyyy-mm-dd hh24:mi')), null, 100000, null, 'Pendente'
FROM pessoa, cliente, anuncio WHERE cpf = '567.717.780-61' AND cpf_cliente = '248.463.090-53' AND cpf_pessoa = '567.717.780-61';

INSERT INTO proposta (id_anuncio, cpf_anunciante, cpf_cliente, data_proposta, data_pagamento, valor_proposta, metodo_pagamento, status)
SELECT anuncio.id, pessoa.cpf, cliente.cpf_cliente, (TO_DATE ('2022-03-21 08:40', 'yyyy-mm-dd hh24:mi')), null, 200000, null, 'Recusada'
FROM pessoa, cliente, anuncio WHERE cpf = '643.188.210-56' AND cpf_cliente = '049.877.610-76' AND cpf_pessoa = '643.188.210-56';

INSERT INTO proposta (id_anuncio, cpf_anunciante, cpf_cliente, data_proposta, data_pagamento, valor_proposta, metodo_pagamento, status)
SELECT anuncio.id, pessoa.cpf, cliente.cpf_cliente, (TO_DATE ('2022-03-15 10:00', 'yyyy-mm-dd hh24:mi')), (TO_DATE ('2022-03-21 10:00', 'yyyy-mm-dd hh24:mi')), 3231, 'Cartão', 'Aceita'
FROM pessoa, cliente, anuncio WHERE cpf = '453.223.060-80' AND cpf_cliente = '650.434.980-05' AND cpf_pessoa = '453.223.060-80';

INSERT INTO proposta (id_anuncio, cpf_anunciante, cpf_cliente, data_proposta, data_pagamento, valor_proposta, metodo_pagamento, status)
SELECT anuncio.id, pessoa.cpf, cliente.cpf_cliente, (TO_DATE ('2022-03-12 14:00', 'yyyy-mm-dd hh24:mi')),  (TO_DATE ('2022-03-14 14:00', 'yyyy-mm-dd hh24:mi')), 3000, 'Dinheiro', 'Aceita'
FROM pessoa, cliente, anuncio WHERE cpf = '258.986.360-80' AND cpf_cliente = '567.717.780-61' AND cpf_pessoa = '258.986.360-80';

INSERT INTO proposta (id_anuncio, cpf_anunciante, cpf_cliente, data_proposta, data_pagamento, valor_proposta, metodo_pagamento, status)
SELECT anuncio.id, pessoa.cpf, cliente.cpf_cliente, (TO_DATE ('2022-03-01 10:00', 'yyyy-mm-dd hh24:mi')), (TO_DATE ('2022-03-05 10:00', 'yyyy-mm-dd hh24:mi')), 480000, 'Boleto', 'Aceita'
FROM pessoa, cliente, anuncio WHERE cpf = '808.424.140-02' AND cpf_cliente = '049.877.610-76' AND cpf_pessoa = '808.424.140-02';
 


-- Endereço
INSERT INTO endereco (cpf_pessoa, rua, numero, bairro, cep, cidade, estado) VALUES ('053.142.336-88', 'Rua 1', 134,  'Bairro 1',  '52411-584', 'Recife', 'Pernambuco');
INSERT INTO endereco (cpf_pessoa, rua, numero, bairro, cep, cidade, estado) VALUES ('604.102.780-41', 'Rua 2', 69,   'Bairro 2',  '43626-600', 'Recife', 'Pernambuco');
INSERT INTO endereco (cpf_pessoa, rua, numero, bairro, cep, cidade, estado) VALUES ('805.187.870-10', 'Rua 3', 79,   'Bairro 3',  '19854-117', 'Recife', 'Pernambuco');
INSERT INTO endereco (cpf_pessoa, rua, numero, bairro, cep, cidade, estado) VALUES ('183.187.110-68', 'Rua 4', 396,  'Bairro 4',  '33378-445', 'Recife', 'Pernambuco');
INSERT INTO endereco (cpf_pessoa, rua, numero, bairro, cep, cidade, estado) VALUES ('264.540.320-43', 'Rua 5', 207,  'Bairro 5',  '41922-756', 'Recife', 'Pernambuco');
INSERT INTO endereco (cpf_pessoa, rua, numero, bairro, cep, cidade, estado) VALUES ('119.671.330-85', 'Rua 6', 183,  'Bairro 6',  '65584-688', 'Recife', 'Pernambuco');
INSERT INTO endereco (cpf_pessoa, rua, numero, bairro, cep, cidade, estado) VALUES ('136.004.620-83', 'Rua 7', 240,  'Bairro 7',  '86974-206', 'Recife', 'Pernambuco');
INSERT INTO endereco (cpf_pessoa, rua, numero, bairro, cep, cidade, estado) VALUES ('969.280.940-44', 'Rua 8', 309,  'Bairro 8',  '18435-263', 'Sao paulo', 'Sao paulo');
INSERT INTO endereco (cpf_pessoa, rua, numero, bairro, cep, cidade, estado) VALUES ('906.603.820-91', 'Rua 9', 191,  'Bairro 9',  '20366-354', 'Sao paulo', 'Sao paulo');
INSERT INTO endereco (cpf_pessoa, rua, numero, bairro, cep, cidade, estado) VALUES ('396.423.200-96', 'Rua 10', 15,  'Bairro 10', '46139-396', 'Sao paulo', 'Sao paulo');
INSERT INTO endereco (cpf_pessoa, rua, numero, bairro, cep, cidade, estado) VALUES ('808.424.140-02', 'Rua 11', 234, 'Bairro 11', '25617-809', 'Sao paulo', 'Sao paulo');
INSERT INTO endereco (cpf_pessoa, rua, numero, bairro, cep, cidade, estado) VALUES ('643.188.210-56', 'Rua 12', 377, 'Bairro 12', '40049-746', 'Sao paulo', 'Sao paulo');
INSERT INTO endereco (cpf_pessoa, rua, numero, bairro, cep, cidade, estado) VALUES ('678.552.160-22', 'Rua 13', 3,   'Bairro 13', '36887-901', 'Sao paulo', 'Sao paulo');
INSERT INTO endereco (cpf_pessoa, rua, numero, bairro, cep, cidade, estado) VALUES ('987.288.810-87', 'Rua 14', 389, 'Bairro 14', '21696-781', 'Sao paulo', 'Sao paulo');
INSERT INTO endereco (cpf_pessoa, rua, numero, bairro, cep, cidade, estado) VALUES ('179.696.170-18', 'Rua 15', 136, 'Bairro 15', '94380-921', 'Sao paulo', 'Sao paulo');
INSERT INTO endereco (cpf_pessoa, rua, numero, bairro, cep, cidade, estado) VALUES ('248.463.090-53', 'Rua 16', 2,   'Bairro 16', '59854-344', 'Paulista', 'Pernambuco');
INSERT INTO endereco (cpf_pessoa, rua, numero, bairro, cep, cidade, estado) VALUES ('667.082.650-87', 'Rua 17', 177, 'Bairro 17', '15863-264', 'Paulista', 'Pernambuco');
INSERT INTO endereco (cpf_pessoa, rua, numero, bairro, cep, cidade, estado) VALUES ('567.717.780-61', 'Rua 18', 199, 'Bairro 18', '15777-902', 'Paulista', 'Pernambuco');
INSERT INTO endereco (cpf_pessoa, rua, numero, bairro, cep, cidade, estado) VALUES ('487.181.460-23', 'Rua 19', 160, 'Bairro 19', '73117-545', 'Paulista', 'Pernambuco');
INSERT INTO endereco (cpf_pessoa, rua, numero, bairro, cep, cidade, estado) VALUES ('931.549.820-86', 'Rua 20', 204, 'Bairro 20', '26038-191', 'Paulista', 'Pernambuco');
INSERT INTO endereco (cpf_pessoa, rua, numero, bairro, cep, cidade, estado) VALUES ('193.341.690-44', 'Rua 21', 53,  'Bairro 21', '61913-515', 'Paulista', 'Pernambuco');
INSERT INTO endereco (cpf_pessoa, rua, numero, bairro, cep, cidade, estado) VALUES ('045.504.290-03', 'Rua 22', 160, 'Bairro 22', '46098-208', 'Paulista', 'Pernambuco');
INSERT INTO endereco (cpf_pessoa, rua, numero, bairro, cep, cidade, estado) VALUES ('998.447.610-34', 'Rua 23', 275, 'Bairro 23', '86336-938', 'Paulista', 'Pernambuco');
INSERT INTO endereco (cpf_pessoa, rua, numero, bairro, cep, cidade, estado) VALUES ('496.561.730-40', 'Rua 24', 370, 'Bairro 24', '26667-647', 'Uberlancia', 'Minas Gerais');
INSERT INTO endereco (cpf_pessoa, rua, numero, bairro, cep, cidade, estado) VALUES ('453.223.060-80', 'Rua 25', 302, 'Bairro 25', '57238-792', 'Uberlancia', 'Minas Gerais');
INSERT INTO endereco (cpf_pessoa, rua, numero, bairro, cep, cidade, estado) VALUES ('514.202.120-79', 'Rua 26', 266, 'Bairro 26', '35722-404', 'Uberlancia', 'Minas Gerais');
INSERT INTO endereco (cpf_pessoa, rua, numero, bairro, cep, cidade, estado) VALUES ('167.282.720-54', 'Rua 27', 389, 'Bairro 27', '41451-737', 'Uberlancia', 'Minas Gerais');
INSERT INTO endereco (cpf_pessoa, rua, numero, bairro, cep, cidade, estado) VALUES ('258.986.360-80', 'Rua 28', 252, 'Bairro 28', '47676-559', 'Uberlancia', 'Minas Gerais');
INSERT INTO endereco (cpf_pessoa, rua, numero, bairro, cep, cidade, estado) VALUES ('633.570.340-85', 'Rua 29', 298, 'Bairro 29', '79337-657', 'Uberlancia', 'Minas Gerais');
INSERT INTO endereco (cpf_pessoa, rua, numero, bairro, cep, cidade, estado) VALUES ('049.877.610-76', 'Rua 30', 212, 'Bairro 30', '13330-607', 'Uberlancia', 'Minas Gerais');
INSERT INTO endereco (cpf_pessoa, rua, numero, bairro, cep, cidade, estado) VALUES ('668.488.720-24', 'Rua 31', 339, 'Bairro 31', '68677-280', 'Uberlancia', 'Minas Gerais');
INSERT INTO endereco (cpf_pessoa, rua, numero, bairro, cep, cidade, estado) VALUES ('603.799.220-70', 'Rua 32', 101, 'Bairro 32', '62709-755', 'Caraguatatuba','Sao Paulo');
INSERT INTO endereco (cpf_pessoa, rua, numero, bairro, cep, cidade, estado) VALUES ('650.434.980-05', 'Rua 33', 219, 'Bairro 33', '16320-002', 'Caraguatatuba','Sao Paulo');
INSERT INTO endereco (cpf_pessoa, rua, numero, bairro, cep, cidade, estado) VALUES ('019.312.920-51', 'Rua 34', 46,  'Bairro 34', '78711-475', 'Caraguatatuba','Sao Paulo');
INSERT INTO endereco (cpf_pessoa, rua, numero, bairro, cep, cidade, estado) VALUES ('787.625.270-29', 'Rua 35', 129, 'Bairro 35', '67694-661', 'Caraguatatuba','Sao Paulo');



-- endereco gerente
INSERT INTO endereco_gerente (cpf_gerente, rua, numero, bairro, cep, cidade, estado) VALUES ('262.748.730-23', 'Rua 1', 134,  'Madalena',  '52411-584', 'Recife', 'Pernambuco');
INSERT INTO endereco_gerente (cpf_gerente, rua, numero, bairro, cep, cidade, estado) VALUES ('118.790.410-49', 'Rua 2', 69,   'Peixinhos',  '43626-600', 'Olinda', 'Pernambuco');
INSERT INTO endereco_gerente (cpf_gerente, rua, numero, bairro, cep, cidade, estado) VALUES ('654.989.200-75', 'Rua 3', 79,   'Guarulhos',  '19854-117', 'São Paulo', 'São Paulo');
INSERT INTO endereco_gerente (cpf_gerente, rua, numero, bairro, cep, cidade, estado) VALUES ('913.480.400-50', 'Rua 4', 396,  'Barra da Tijuca',  '33378-445', 'Rio de Janeiro', 'Rio de Janeiro');
INSERT INTO endereco_gerente (cpf_gerente, rua, numero, bairro, cep, cidade, estado) VALUES ('998.405.150-12', 'Rua 5', 207,  'Guarulhos',  '41922-756', 'São Paulo', 'São Paulo');
INSERT INTO endereco_gerente (cpf_gerente, rua, numero, bairro, cep, cidade, estado) VALUES ('763.377.450-94', 'Rua 6', 183,  'Pelourinho',  '65584-688', 'Salvador', 'Bahia');



-- endereco_anuncio
INSERT INTO endereco_anuncio (id_anuncio, rua, numero, bairro, cep, cidade)
SELECT id, 'Rua 1', 313, 'Iputinga', '42704-641', 'Recife' FROM anuncio WHERE cpf_pessoa = '808.424.140-02'; 

INSERT INTO endereco_anuncio (id_anuncio, rua, numero, bairro, cep, cidade)
SELECT id, 'Rua 2', 198, 'Iputinga', '77286-389', 'Recife' FROM anuncio WHERE cpf_pessoa = '643.188.210-56'; 

INSERT INTO endereco_anuncio (id_anuncio, rua, numero, bairro, cep, cidade)
SELECT id, 'Rua 3', 341, 'Varzea', '70898-091', 'Recife' FROM anuncio WHERE cpf_pessoa = '678.552.160-22'; 

INSERT INTO endereco_anuncio (id_anuncio, rua, numero, bairro, cep, cidade)
SELECT id, 'Rua 4', 248, 'Varzea', '85129-170', 'Recife' FROM anuncio WHERE cpf_pessoa = '987.288.810-87'; 

INSERT INTO endereco_anuncio (id_anuncio, rua, numero, bairro, cep, cidade)
SELECT id, 'Rua 5', 38, 'CDU', '76018-669', 'Recife' FROM anuncio WHERE cpf_pessoa = '179.696.170-18'; 

INSERT INTO endereco_anuncio (id_anuncio, rua, numero, bairro, cep, cidade)
SELECT id, 'Rua 6', 269, 'CDU', '13455-732', 'Recife' FROM anuncio WHERE cpf_pessoa = '248.463.090-53';

INSERT INTO endereco_anuncio (id_anuncio, rua, numero, bairro, cep, cidade)
SELECT id, 'Rua 7', 290, 'CDU', '75798-774', 'Recife' FROM anuncio WHERE cpf_pessoa = '667.082.650-87';

INSERT INTO endereco_anuncio (id_anuncio, rua, numero, bairro, cep, cidade)
SELECT id, 'Rua 8', 215, 'Santo amaro', '70085-841', 'Recife' FROM anuncio WHERE cpf_pessoa = '567.717.780-61';

INSERT INTO endereco_anuncio (id_anuncio, rua, numero, bairro, cep, cidade)
SELECT id, 'Rua 9', 111, 'Santo amaro', '65292-123', 'Olinda' FROM anuncio WHERE cpf_pessoa = '487.181.460-23';

INSERT INTO endereco_anuncio (id_anuncio, rua, numero, bairro, cep, cidade)
SELECT id, 'Rua 10', 307, 'Santo amaro', '54299-547', 'Recife' FROM anuncio WHERE cpf_pessoa = '931.549.820-86';

INSERT INTO endereco_anuncio (id_anuncio, rua, numero, bairro, cep, cidade)
SELECT id, 'Rua 11', 306, 'Espinheiro', '92518-773', 'Recife' FROM anuncio WHERE cpf_pessoa = '193.341.690-44';

INSERT INTO endereco_anuncio (id_anuncio, rua, numero, bairro, cep, cidade)
SELECT id, 'Rua 12', 397, 'Espinheiro', '56334-189', 'Olinda' FROM anuncio WHERE cpf_pessoa = '045.504.290-03';

INSERT INTO endereco_anuncio (id_anuncio, rua, numero, bairro, cep, cidade)
SELECT id, 'Rua 13', 296, 'Curado', '82991-558', 'Recife' FROM anuncio WHERE cpf_pessoa = '998.447.610-34';

INSERT INTO endereco_anuncio (id_anuncio, rua, numero, bairro, cep, cidade)
SELECT id, 'Rua 14', 323, 'Curado', '47936-414', 'Recife' FROM anuncio WHERE cpf_pessoa = '496.561.730-40';

INSERT INTO endereco_anuncio (id_anuncio, rua, numero, bairro, cep, cidade)
SELECT id, 'Rua 15', 260, 'Curado', '46051-352', 'Recife' FROM anuncio WHERE cpf_pessoa = '453.223.060-80';

INSERT INTO endereco_anuncio (id_anuncio, rua, numero, bairro, cep, cidade)
SELECT id, 'Rua 16', 342, 'Curado', '99099-969', 'Recife' FROM anuncio WHERE cpf_pessoa = '514.202.120-79';

INSERT INTO endereco_anuncio (id_anuncio, rua, numero, bairro, cep, cidade)
SELECT id, 'Rua 17', 100, 'Detran', '86786-599', 'Recife' FROM anuncio WHERE cpf_pessoa = '167.282.720-54';

INSERT INTO endereco_anuncio (id_anuncio, rua, numero, bairro, cep, cidade)
SELECT id, 'Rua 18', 267, 'Detran', '11703-574', 'Olinda' FROM anuncio WHERE cpf_pessoa = '258.986.360-80';

INSERT INTO endereco_anuncio (id_anuncio, rua, numero, bairro, cep, cidade)
SELECT id, 'Rua 19', 114, 'Detran', '90911-863', 'Recife' FROM anuncio WHERE cpf_pessoa = '633.570.340-85';

INSERT INTO endereco_anuncio (id_anuncio, rua, numero, bairro, cep, cidade)
SELECT id, 'Rua 20', 54, 'Boa Viagem', '28146-512', 'Recife' FROM anuncio WHERE cpf_pessoa = '049.877.610-76';



-- dado bancario
INSERT INTO dado_bancario (cpf_pessoa, banco, agencia, conta) SELECT  cpf , 124, 0134, '52411584-3' FROM pessoa WHERE cpf = '053.142.336-88';
INSERT INTO dado_bancario (cpf_pessoa, banco, agencia, conta) SELECT  cpf , 121, 0691, '43626600-2' FROM pessoa WHERE cpf = '604.102.780-41';
INSERT INTO dado_bancario (cpf_pessoa, banco, agencia, conta) SELECT  cpf , 124, 0791, '19854117-4' FROM pessoa WHERE cpf = '805.187.870-10';
INSERT INTO dado_bancario (cpf_pessoa, banco, agencia, conta) SELECT  cpf , 124, 0396, '33378445-6' FROM pessoa WHERE cpf = '183.187.110-68';
INSERT INTO dado_bancario (cpf_pessoa, banco, agencia, conta) SELECT  cpf , 121, 0207, '41922756-2' FROM pessoa WHERE cpf = '264.540.320-43';
INSERT INTO dado_bancario (cpf_pessoa, banco, agencia, conta) SELECT  cpf , 122, 0183, '65584688-3' FROM pessoa WHERE cpf = '119.671.330-85';
INSERT INTO dado_bancario (cpf_pessoa, banco, agencia, conta) SELECT  cpf , 122, 0240, '86974206-9' FROM pessoa WHERE cpf = '136.004.620-83';
INSERT INTO dado_bancario (cpf_pessoa, banco, agencia, conta) SELECT  cpf , 122, 0309, '18435263-9' FROM pessoa WHERE cpf = '969.280.940-44';



-- Foto imovel
INSERT INTO fotos_imovel (id_anuncio, imagem) 
SELECT id, 'fusce.jpeg' from anuncio WHERE  cpf_pessoa = '808.424.140-02';

INSERT INTO fotos_imovel (id_anuncio, imagem) 
SELECT id, 'erat2.jpeg' from anuncio WHERE cpf_pessoa = '643.188.210-56';

INSERT INTO fotos_imovel (id_anuncio, imagem) 
SELECT id, 'pellentesque3.jpeg' from anuncio WHERE cpf_pessoa = '678.552.160-22';

INSERT INTO fotos_imovel (id_anuncio, imagem) 
SELECT id, 'integer4.jpeg' from anuncio WHERE cpf_pessoa = '987.288.810-87';

INSERT INTO fotos_imovel (id_anuncio, imagem) 
SELECT id, 'non5.jpeg' from anuncio WHERE cpf_pessoa = '179.696.170-18';

INSERT INTO fotos_imovel (id_anuncio, imagem) 
SELECT id, 'nulla6.jpeg' from anuncio WHERE cpf_pessoa = '248.463.090-53';

INSERT INTO fotos_imovel (id_anuncio, imagem) 
SELECT id, 'amet7.jpeg' from anuncio WHERE cpf_pessoa = '667.082.650-87';

INSERT INTO fotos_imovel (id_anuncio, imagem) 
SELECT id, 'quam8.jpeg' from anuncio WHERE cpf_pessoa = '567.717.780-61';

INSERT INTO fotos_imovel (id_anuncio, imagem) 
SELECT id, 'vitae9.jpeg' from anuncio WHERE cpf_pessoa = '487.181.460-23';

INSERT INTO fotos_imovel (id_anuncio, imagem) 
SELECT id, 'fermentum0.jpeg' from anuncio WHERE cpf_pessoa = '931.549.820-86';

INSERT INTO fotos_imovel (id_anuncio, imagem) 
SELECT id, 'in11.jpeg' from anuncio WHERE cpf_pessoa = '193.341.690-44';

INSERT INTO fotos_imovel (id_anuncio, imagem) 
SELECT id, 'odio12.jpeg' from anuncio WHERE cpf_pessoa = '045.504.290-03';

INSERT INTO fotos_imovel (id_anuncio, imagem) 
SELECT id, 'quam3.jpeg' from anuncio WHERE cpf_pessoa = '998.447.610-34';

INSERT INTO fotos_imovel (id_anuncio, imagem) 
SELECT id, 'ut14.jpeg' from anuncio WHERE cpf_pessoa = '496.561.730-40';

INSERT INTO fotos_imovel (id_anuncio, imagem) 
SELECT id, 'nisi15.jpeg' from anuncio WHERE cpf_pessoa = '453.223.060-80';

INSERT INTO fotos_imovel (id_anuncio, imagem) 
SELECT id, 'porttitor16.jpeg' from anuncio WHERE cpf_pessoa = '514.202.120-79';

INSERT INTO fotos_imovel (id_anuncio, imagem) 
SELECT id, 'in17.jpeg' from anuncio WHERE cpf_pessoa = '167.282.720-54';

INSERT INTO fotos_imovel (id_anuncio, imagem) 
SELECT id, 'vulputate17.jpeg' from anuncio WHERE cpf_pessoa = '258.986.360-80';

INSERT INTO fotos_imovel (id_anuncio, imagem) 
SELECT id, 'sed.jpeg' from anuncio WHERE cpf_pessoa =  '633.570.340-85';

INSERT INTO fotos_imovel (id_anuncio, imagem) 
SELECT id, 'pulvinar.jpeg' from anuncio WHERE cpf_pessoa =  '049.877.610-76';



-- Contatos
INSERT INTO contatos (id_anuncio, num, cpf_pessoa)
SELECT id, '(97) 9 8615-7643', cpf_pessoa FROM anuncio WHERE cpf_pessoa = '808.424.140-02';

INSERT INTO contatos (id_anuncio, num, cpf_pessoa)
SELECT id, '(67) 9 8842-6032', cpf_pessoa FROM anuncio WHERE cpf_pessoa = '643.188.210-56';

INSERT INTO contatos (id_anuncio, num, cpf_pessoa)
SELECT id, '(57) 9 8176-3320', cpf_pessoa FROM anuncio WHERE cpf_pessoa = '678.552.160-22';

INSERT INTO contatos (id_anuncio, num, cpf_pessoa)
SELECT id, '(65) 9 8240-4096', cpf_pessoa FROM anuncio WHERE cpf_pessoa = '987.288.810-87';

INSERT INTO contatos (id_anuncio, num, cpf_pessoa)
SELECT id, '(20) 9 8522-6381', cpf_pessoa FROM anuncio WHERE cpf_pessoa = '179.696.170-18';

INSERT INTO contatos (id_anuncio, num, cpf_pessoa)
SELECT id, '(42) 9 8694-5316', cpf_pessoa FROM anuncio WHERE cpf_pessoa = '248.463.090-53';

INSERT INTO contatos (id_anuncio, num, cpf_pessoa)
SELECT id, '(10) 9 8158-3046', cpf_pessoa FROM anuncio WHERE cpf_pessoa = '667.082.650-87';

INSERT INTO contatos (id_anuncio, num, cpf_pessoa)
SELECT id, '(85) 9 8251-7243', cpf_pessoa FROM anuncio WHERE cpf_pessoa = '567.717.780-61';

INSERT INTO contatos (id_anuncio, num, cpf_pessoa)
SELECT id, '(73) 9 8520-0543', cpf_pessoa FROM anuncio WHERE cpf_pessoa = '487.181.460-23';

INSERT INTO contatos (id_anuncio, num, cpf_pessoa)
SELECT id, '(93) 9 8511-8447', cpf_pessoa FROM anuncio WHERE cpf_pessoa = '931.549.820-86';

INSERT INTO contatos (id_anuncio, num, cpf_pessoa)
SELECT id, '(65) 9 8218-1853', cpf_pessoa FROM anuncio WHERE cpf_pessoa = '193.341.690-44';

INSERT INTO contatos (id_anuncio, num, cpf_pessoa)
SELECT id, '(34) 9 8283-1382', cpf_pessoa FROM anuncio WHERE cpf_pessoa = '045.504.290-03';

INSERT INTO contatos (id_anuncio, num, cpf_pessoa)
SELECT id, '(96) 9 8569-3398', cpf_pessoa FROM anuncio WHERE cpf_pessoa = '998.447.610-34';

INSERT INTO contatos (id_anuncio, num, cpf_pessoa)
SELECT id, '(89) 9 8244-5825', cpf_pessoa FROM anuncio WHERE cpf_pessoa = '496.561.730-40';

INSERT INTO contatos (id_anuncio, num, cpf_pessoa)
SELECT id, '(20) 9 8405-1584', cpf_pessoa FROM anuncio WHERE cpf_pessoa = '453.223.060-80';

INSERT INTO contatos (id_anuncio, num, cpf_pessoa)
SELECT id, '(26) 9 8388-8751', cpf_pessoa FROM anuncio WHERE cpf_pessoa = '514.202.120-79';

INSERT INTO contatos (id_anuncio, num, cpf_pessoa)
SELECT id, '(87) 9 8074-3696', cpf_pessoa FROM anuncio WHERE cpf_pessoa = '167.282.720-54';

INSERT INTO contatos (id_anuncio, num, cpf_pessoa)
SELECT id, '(41) 9 8363-1455', cpf_pessoa FROM anuncio WHERE cpf_pessoa = '258.986.360-80';

INSERT INTO contatos (id_anuncio, num, cpf_pessoa)
SELECT id, '(47) 9 8998-3888', cpf_pessoa FROM anuncio WHERE cpf_pessoa = '633.570.340-85';

INSERT INTO contatos (id_anuncio, num, cpf_pessoa)
SELECT id, '(48) 9 8344-2347', cpf_pessoa FROM anuncio WHERE cpf_pessoa = '049.877.610-76';


-- Agendar visita
INSERT INTO agendar_visita (id_anuncio, cpf_pessoa, cpf_cliente, data)
SELECT  anuncio.id, anuncio.cpf_pessoa, cliente.cpf_cliente, (TO_DATE('2022-03-22 14:00', 'yyyy-mm-dd hh24:mi')) FROM anuncio, cliente WHERE cpf_pessoa = '643.188.210-56' AND cpf_cliente = '567.717.780-61';

INSERT INTO agendar_visita (id_anuncio, cpf_pessoa, cpf_cliente, data)
SELECT  anuncio.id, anuncio.cpf_pessoa, cliente.cpf_cliente, (TO_DATE('2022-03-23 13:00', 'yyyy-mm-dd hh24:mi')) FROM anuncio, cliente WHERE cpf_pessoa = '248.463.090-53' AND cpf_cliente =  '808.424.140-02';

INSERT INTO agendar_visita (id_anuncio, cpf_pessoa, cpf_cliente, data)
SELECT  anuncio.id, anuncio.cpf_pessoa, cliente.cpf_cliente, (TO_DATE('2022-03-25 14:30', 'yyyy-mm-dd hh24:mi')) FROM anuncio, cliente WHERE cpf_pessoa = '998.447.610-34' AND cpf_cliente = '787.625.270-29';

INSERT INTO agendar_visita (id_anuncio, cpf_pessoa, cpf_cliente, data)
SELECT  anuncio.id, anuncio.cpf_pessoa, cliente.cpf_cliente, (TO_DATE('2022-03-27 10:00', 'yyyy-mm-dd hh24:mi')) FROM anuncio, cliente WHERE cpf_pessoa = '567.717.780-61' AND cpf_cliente = '931.549.820-86';

INSERT INTO agendar_visita (id_anuncio, cpf_pessoa, cpf_cliente, data)
SELECT  anuncio.id, anuncio.cpf_pessoa, cliente.cpf_cliente, (TO_DATE('2022-03-27 14:00', 'yyyy-mm-dd hh24:mi')) FROM anuncio, cliente WHERE cpf_pessoa = '179.696.170-18' AND cpf_cliente = '667.082.650-87';



-- Avaliar
INSERT INTO avaliar(cpf_avaliado, cpf_avaliador, avaliacao, data)
SELECT cpf, '053.142.336-88', 1, (TO_DATE('2022-03-27 14:00', 'yyyy-mm-dd hh24:mi')) FROM pessoa WHERE cpf = '678.552.160-22';

INSERT INTO avaliar(cpf_avaliado, cpf_avaliador, avaliacao, data)
SELECT cpf, '053.142.336-88', 2, (TO_DATE('2022-03-27 14:00', 'yyyy-mm-dd hh24:mi')) FROM pessoa WHERE cpf = '709.714.594-36';

INSERT INTO avaliar(cpf_avaliado, cpf_avaliador, avaliacao, data)
SELECT cpf, '604.102.780-41', 3, (TO_DATE('2022-03-27 14:00', 'yyyy-mm-dd hh24:mi')) FROM pessoa WHERE cpf = '709.714.594-36';

INSERT INTO avaliar(cpf_avaliado, cpf_avaliador, avaliacao, data)
SELECT cpf, '183.187.110-68', 2, (TO_DATE('2022-03-27 14:00', 'yyyy-mm-dd hh24:mi')) FROM pessoa WHERE cpf = '709.714.594-36';

INSERT INTO avaliar(cpf_avaliado, cpf_avaliador, avaliacao, data) 
SELECT cpf, '604.102.780-41', 2, (TO_DATE('2022-03-27 14:00', 'yyyy-mm-dd hh24:mi')) FROM pessoa WHERE cpf = '567.717.780-61';

INSERT INTO avaliar(cpf_avaliado, cpf_avaliador, avaliacao, data) 
SELECT cpf, '805.187.870-10', 8, (TO_DATE('2022-03-27 14:00', 'yyyy-mm-dd hh24:mi')) FROM pessoa WHERE cpf = '193.341.690-44';

INSERT INTO avaliar(cpf_avaliado, cpf_avaliador, avaliacao, data) 
SELECT cpf, '193.341.690-44', 2, (TO_DATE('2022-03-27 14:00', 'yyyy-mm-dd hh24:mi')) FROM pessoa WHERE cpf = '805.187.870-10';

INSERT INTO avaliar(cpf_avaliado, cpf_avaliador, avaliacao, data) 
SELECT cpf, '193.341.690-44', 2, (TO_DATE('2022-03-27 14:00', 'yyyy-mm-dd hh24:mi')) FROM pessoa WHERE cpf = '496.561.730-40';

INSERT INTO avaliar(cpf_avaliado, cpf_avaliador, avaliacao, data) 
SELECT cpf, '183.187.110-68', 5, (TO_DATE('2022-03-27 14:00', 'yyyy-mm-dd hh24:mi')) FROM pessoa WHERE cpf = '496.561.730-40';

INSERT INTO avaliar(cpf_avaliado, cpf_avaliador, avaliacao, data) 
SELECT cpf, '264.540.320-43', 4, (TO_DATE('2022-03-27 14:00', 'yyyy-mm-dd hh24:mi')) FROM pessoa WHERE cpf = '167.282.720-54';



--Telefone gerente
INSERT INTO telefone_gerente (cpf_gerente, numero) 
SELECT cpf_gerente, '(31) 9 0989-3312' FROM gerente WHERE cpf_gerente = '262.748.730-23';

INSERT INTO telefone_gerente (cpf_gerente, numero) 
SELECT cpf_gerente, '(21) 9 4549-9458' FROM gerente WHERE cpf_gerente = '118.790.410-49';

INSERT INTO telefone_gerente (cpf_gerente, numero) 
SELECT cpf_gerente, '(22) 9 7565-2737' FROM gerente WHERE cpf_gerente = '654.989.200-75';

INSERT INTO telefone_gerente (cpf_gerente, numero) 
SELECT cpf_gerente, '(33) 9 1496-8503' FROM gerente WHERE cpf_gerente = '913.480.400-50';

INSERT INTO telefone_gerente (cpf_gerente, numero) 
SELECT cpf_gerente, '(81) 9 9398-8997' FROM gerente WHERE cpf_gerente = '998.405.150-12';

INSERT INTO telefone_gerente (cpf_gerente, numero) 
SELECT cpf_gerente, '(12) 9 7692-7985' FROM gerente WHERE cpf_gerente = '763.377.450-94';



-- Telefone pessoa
INSERT INTO telefone_pessoa (cpf_pessoa, numero) 
SELECT cpf, '(37) 9 0989-3312' FROM pessoa WHERE cpf = '053.142.336-88';

INSERT INTO telefone_pessoa (cpf_pessoa, numero) 
SELECT cpf, '(24) 9 4549-9458' FROM pessoa WHERE cpf = '604.102.780-41';

INSERT INTO telefone_pessoa (cpf_pessoa, numero) 
SELECT cpf, '(26) 9 7565-2737' FROM pessoa WHERE cpf = '805.187.870-10';

INSERT INTO telefone_pessoa (cpf_pessoa, numero) 
SELECT cpf, '(34) 9 1496-8503' FROM pessoa WHERE cpf = '183.187.110-68';

INSERT INTO telefone_pessoa (cpf_pessoa, numero) 
SELECT cpf, '(63) 9 9398-8997' FROM pessoa WHERE cpf = '264.540.320-43';

INSERT INTO telefone_pessoa (cpf_pessoa, numero) 
SELECT cpf, '(95) 9 7692-7985' FROM pessoa WHERE cpf = '119.671.330-85';

INSERT INTO telefone_pessoa (cpf_pessoa, numero) 
SELECT cpf, '(49) 9 5321-3387' FROM pessoa WHERE cpf = '136.004.620-83';

INSERT INTO telefone_pessoa (cpf_pessoa, numero) 
SELECT cpf, '(12) 9 7021-7456' FROM pessoa WHERE cpf = '969.280.940-44';

INSERT INTO telefone_pessoa (cpf_pessoa, numero) 
SELECT cpf, '(73) 9 7932-3901' FROM pessoa WHERE cpf = '906.603.820-91';

INSERT INTO telefone_pessoa (cpf_pessoa, numero) 
SELECT cpf, '(89) 9 3127-8043' FROM pessoa WHERE cpf = '396.423.200-96';

INSERT INTO telefone_pessoa (cpf_pessoa, numero) 
SELECT cpf, '(44) 9 3561-0759' FROM pessoa WHERE cpf = '808.424.140-02';

INSERT INTO telefone_pessoa (cpf_pessoa, numero) 
SELECT cpf, '(37) 9 2749-0145' FROM pessoa WHERE cpf = '643.188.210-56';

INSERT INTO telefone_pessoa (cpf_pessoa, numero) 
SELECT cpf, '(49) 9 8333-7787' FROM pessoa WHERE cpf = '678.552.160-22';

INSERT INTO telefone_pessoa (cpf_pessoa, numero) 
SELECT cpf, '(53) 9 8355-1379' FROM pessoa WHERE cpf = '987.288.810-87';

INSERT INTO telefone_pessoa (cpf_pessoa, numero) 
SELECT cpf, '(61) 9 5658-0372' FROM pessoa WHERE cpf = '179.696.170-18';

INSERT INTO telefone_pessoa (cpf_pessoa, numero) 
SELECT cpf, '(43) 9 0026-8611' FROM pessoa WHERE cpf = '248.463.090-53';

INSERT INTO telefone_pessoa (cpf_pessoa, numero) 
SELECT cpf, '(94) 9 1125-8531' FROM pessoa WHERE cpf = '667.082.650-87';

INSERT INTO telefone_pessoa (cpf_pessoa, numero) 
SELECT cpf, '(33) 9 6327-2462' FROM pessoa WHERE cpf = '567.717.780-61';

INSERT INTO telefone_pessoa (cpf_pessoa, numero) 
SELECT cpf, '(97) 9 8569-1012' FROM pessoa WHERE cpf = '487.181.460-23';

INSERT INTO telefone_pessoa (cpf_pessoa, numero) 
SELECT cpf, '(83) 9 1660-3043' FROM pessoa WHERE cpf = '931.549.820-86';

INSERT INTO telefone_pessoa (cpf_pessoa, numero) 
SELECT cpf, '(15) 9 9733-5125' FROM pessoa WHERE cpf = '193.341.690-44';

INSERT INTO telefone_pessoa (cpf_pessoa, numero) 
SELECT cpf, '(13) 9 9826-8772' FROM pessoa WHERE cpf = '045.504.290-03';

INSERT INTO telefone_pessoa (cpf_pessoa, numero) 
SELECT cpf, '(65) 9 3638-6726' FROM pessoa WHERE cpf = '998.447.610-34';

INSERT INTO telefone_pessoa (cpf_pessoa, numero) 
SELECT cpf, '(59) 9 9678-9073' FROM pessoa WHERE cpf = '496.561.730-40';

INSERT INTO telefone_pessoa (cpf_pessoa, numero) 
SELECT cpf, '(89) 9 6134-1771' FROM pessoa WHERE cpf = '453.223.060-80';

INSERT INTO telefone_pessoa (cpf_pessoa, numero) 
SELECT cpf, '(79) 9 9057-5129' FROM pessoa WHERE cpf = '514.202.120-79';

INSERT INTO telefone_pessoa (cpf_pessoa, numero) 
SELECT cpf, '(22) 9 3726-2039' FROM pessoa WHERE cpf = '167.282.720-54';

INSERT INTO telefone_pessoa (cpf_pessoa, numero) 
SELECT cpf, '(32) 9 9255-3096' FROM pessoa WHERE cpf = '258.986.360-80';

INSERT INTO telefone_pessoa (cpf_pessoa, numero) 
SELECT cpf, '(19) 9 0998-0047' FROM pessoa WHERE cpf = '633.570.340-85';

INSERT INTO telefone_pessoa (cpf_pessoa, numero) 
SELECT cpf, '(85) 9 1988-4662' FROM pessoa WHERE cpf = '049.877.610-76';

INSERT INTO telefone_pessoa (cpf_pessoa, numero) 
SELECT cpf, '(40) 9 9202-7307' FROM pessoa WHERE cpf = '668.488.720-24';

INSERT INTO telefone_pessoa (cpf_pessoa, numero) 
SELECT cpf, '(19) 9 8577-5604' FROM pessoa WHERE cpf = '603.799.220-70';

INSERT INTO telefone_pessoa (cpf_pessoa, numero) 
SELECT cpf, '(84) 9 0262-0279' FROM pessoa WHERE cpf = '650.434.980-05';

INSERT INTO telefone_pessoa (cpf_pessoa, numero) 
SELECT cpf, '(59) 9 9762-5220' FROM pessoa WHERE cpf = '019.312.920-51';

INSERT INTO telefone_pessoa (cpf_pessoa, numero) 
SELECT cpf, '(33) 9 8555-2688' FROM pessoa WHERE cpf = '787.625.270-29';